what,kind,bundleId,bundleVersion,description,time
activated,perspective,com.altera.sbtgui.ui,,"com.altera.sbtgui.ui.cPerspective",1739782445038
started,bundle,org.eclipse.osgi,3.7.2.v20120110-1415,"org.eclipse.osgi",1739782445038
started,bundle,org.eclipse.equinox.simpleconfigurator,1.0.200.v20110815-1438,"org.eclipse.equinox.simpleconfigurator",1739782445038
started,bundle,com.ibm.icu,4.4.2.v20110823,"com.ibm.icu",1739782445038
started,bundle,org.eclipse.cdt.codan.checkers,1.0.1.201202111925,"org.eclipse.cdt.codan.checkers",1739782445038
started,bundle,org.eclipse.cdt.codan.core,2.0.0.201202111925,"org.eclipse.cdt.codan.core",1739782445038
started,bundle,org.eclipse.cdt.codan.core.cxx,1.0.0.201202111925,"org.eclipse.cdt.codan.core.cxx",1739782445038
started,bundle,org.eclipse.cdt.codan.ui.cxx,2.0.0.201202111925,"org.eclipse.cdt.codan.ui.cxx",1739782445038
started,bundle,org.eclipse.cdt.core,5.3.2.201202111925,"org.eclipse.cdt.core",1739782445038
started,bundle,org.eclipse.cdt.make.core,7.1.2.201202111925,"org.eclipse.cdt.make.core",1739782445038
started,bundle,org.eclipse.cdt.make.ui,7.1.2.201202111925,"org.eclipse.cdt.make.ui",1739782445038
started,bundle,org.eclipse.cdt.managedbuilder.core,8.0.2.201202111925,"org.eclipse.cdt.managedbuilder.core",1739782445038
started,bundle,org.eclipse.cdt.managedbuilder.gnu.ui,8.0.2.201202111925,"org.eclipse.cdt.managedbuilder.gnu.ui",1739782445038
started,bundle,org.eclipse.cdt.msw.build,1.0.0.201202111925,"org.eclipse.cdt.msw.build",1739782445038
started,bundle,org.eclipse.cdt.ui,5.3.2.201202111925,"org.eclipse.cdt.ui",1739782445038
started,bundle,org.eclipse.compare.core,3.5.200.I20110208-0800,"org.eclipse.compare.core",1739782445038
started,bundle,org.eclipse.core.contenttype,3.4.100.v20110423-0524,"org.eclipse.core.contenttype",1739782445038
started,bundle,org.eclipse.core.databinding.observable,1.4.0.I20110222-0800,"org.eclipse.core.databinding.observable",1739782445038
started,bundle,org.eclipse.core.expressions,3.4.300.v20110228,"org.eclipse.core.expressions",1739782445038
started,bundle,org.eclipse.core.filebuffers,3.5.200.v20110928-1504,"org.eclipse.core.filebuffers",1739782445038
started,bundle,org.eclipse.core.filesystem,1.3.100.v20110423-0524,"org.eclipse.core.filesystem",1739782445038
started,bundle,org.eclipse.core.jobs,3.5.101.v20120113-1953,"org.eclipse.core.jobs",1739782445038
started,bundle,org.eclipse.core.net,1.2.100.I20110511-0800,"org.eclipse.core.net",1739782445038
started,bundle,org.eclipse.core.resources,3.7.101.v20120125-1505,"org.eclipse.core.resources",1739782445038
started,bundle,org.eclipse.core.runtime,3.7.0.v20110110,"org.eclipse.core.runtime",1739782445038
started,bundle,org.eclipse.core.runtime.compatibility,3.2.100.v20100505,"org.eclipse.core.runtime.compatibility",1739782445038
started,bundle,org.eclipse.core.runtime.compatibility.auth,3.2.200.v20110110,"org.eclipse.core.runtime.compatibility.auth",1739782445038
started,bundle,org.eclipse.core.variables,3.2.500.v20110928-1503,"org.eclipse.core.variables",1739782445038
started,bundle,org.eclipse.debug.core,3.7.1.v20111129-2031,"org.eclipse.debug.core",1739782445038
started,bundle,org.eclipse.ecf.filetransfer,5.0.0.v20110531-2218,"org.eclipse.ecf.filetransfer",1739782445038
started,bundle,org.eclipse.egit.core,1.3.0.201202151440-r,"org.eclipse.egit.core",1739782445038
started,bundle,org.eclipse.egit.ui,1.3.0.201202151440-r,"org.eclipse.egit.ui",1739782445038
started,bundle,org.eclipse.epp.mpc.ui,1.1.1.I20110907-0947,"org.eclipse.epp.mpc.ui",1739782445038
started,bundle,org.eclipse.epp.usagedata.gathering,1.3.1.R201106061540,"org.eclipse.epp.usagedata.gathering",1739782445038
started,bundle,org.eclipse.epp.usagedata.recording,1.3.1.R201106061540,"org.eclipse.epp.usagedata.recording",1739782445038
started,bundle,org.eclipse.equinox.app,1.3.100.v20110321,"org.eclipse.equinox.app",1739782445038
started,bundle,org.eclipse.equinox.common,3.6.0.v20110523,"org.eclipse.equinox.common",1739782445038
started,bundle,org.eclipse.equinox.ds,1.3.1.R37x_v20110701,"org.eclipse.equinox.ds",1739782445038
started,bundle,org.eclipse.equinox.event,1.2.100.v20110502,"org.eclipse.equinox.event",1739782445038
started,bundle,org.eclipse.equinox.frameworkadmin,2.0.0.v20110815-1438,"org.eclipse.equinox.frameworkadmin",1739782445038
started,bundle,org.eclipse.equinox.frameworkadmin.equinox,1.0.300.v20110815-1438,"org.eclipse.equinox.frameworkadmin.equinox",1739782445038
started,bundle,org.eclipse.equinox.p2.artifact.repository,1.1.101.v20110815-1419,"org.eclipse.equinox.p2.artifact.repository",1739782445038
started,bundle,org.eclipse.equinox.p2.core,2.1.1.v20120113-1346,"org.eclipse.equinox.p2.core",1739782445038
started,bundle,org.eclipse.equinox.p2.director,2.1.1.v20111126-0211,"org.eclipse.equinox.p2.director",1739782445038
started,bundle,org.eclipse.equinox.p2.directorywatcher,1.0.300.v20110815-1419,"org.eclipse.equinox.p2.directorywatcher",1739782445038
started,bundle,org.eclipse.equinox.p2.engine,2.1.1.R37x_v20111003,"org.eclipse.equinox.p2.engine",1739782445038
started,bundle,org.eclipse.equinox.p2.extensionlocation,1.2.100.v20110815-1419,"org.eclipse.equinox.p2.extensionlocation",1739782445038
started,bundle,org.eclipse.equinox.p2.garbagecollector,1.0.200.v20110815-1419,"org.eclipse.equinox.p2.garbagecollector",1739782445038
started,bundle,org.eclipse.equinox.p2.metadata,2.1.0.v20110815-1419,"org.eclipse.equinox.p2.metadata",1739782445038
started,bundle,org.eclipse.equinox.p2.metadata.repository,1.2.0.v20110815-1419,"org.eclipse.equinox.p2.metadata.repository",1739782445038
started,bundle,org.eclipse.equinox.p2.operations,2.1.1.R37x_v20111111,"org.eclipse.equinox.p2.operations",1739782445038
started,bundle,org.eclipse.equinox.p2.publisher,1.2.0.v20110815-1419,"org.eclipse.equinox.p2.publisher",1739782445038
started,bundle,org.eclipse.equinox.p2.publisher.eclipse,1.0.0.v20110815-1438,"org.eclipse.equinox.p2.publisher.eclipse",1739782445038
started,bundle,org.eclipse.equinox.p2.reconciler.dropins,1.1.100.v20110815-1419,"org.eclipse.equinox.p2.reconciler.dropins",1739782445038
started,bundle,org.eclipse.equinox.p2.repository,2.1.1.v20120113-1346,"org.eclipse.equinox.p2.repository",1739782445038
started,bundle,org.eclipse.equinox.p2.touchpoint.eclipse,2.1.1.v20110815-1419,"org.eclipse.equinox.p2.touchpoint.eclipse",1739782445038
started,bundle,org.eclipse.equinox.p2.touchpoint.natives,1.0.300.v20110815-1419,"org.eclipse.equinox.p2.touchpoint.natives",1739782445038
started,bundle,org.eclipse.equinox.p2.transport.ecf,1.0.0.v20111128-0624,"org.eclipse.equinox.p2.transport.ecf",1739782445038
started,bundle,org.eclipse.equinox.p2.ui.sdk.scheduler,1.0.100.v20110815-1419,"org.eclipse.equinox.p2.ui.sdk.scheduler",1739782445038
started,bundle,org.eclipse.equinox.p2.updatechecker,1.1.200.v20110815-1419,"org.eclipse.equinox.p2.updatechecker",1739782445038
started,bundle,org.eclipse.equinox.p2.updatesite,1.0.300.v20110815-1419,"org.eclipse.equinox.p2.updatesite",1739782445038
started,bundle,org.eclipse.equinox.preferences,3.4.2.v20120111-2020,"org.eclipse.equinox.preferences",1739782445038
started,bundle,org.eclipse.equinox.registry,3.5.101.R37x_v20110810-1611,"org.eclipse.equinox.registry",1739782445038
started,bundle,org.eclipse.equinox.security,1.1.1.R37x_v20110822-1018,"org.eclipse.equinox.security",1739782445038
started,bundle,org.eclipse.equinox.simpleconfigurator.manipulator,2.0.0.v20110815-1438,"org.eclipse.equinox.simpleconfigurator.manipulator",1739782445038
started,bundle,org.eclipse.equinox.util,1.0.300.v20110502,"org.eclipse.equinox.util",1739782445038
started,bundle,org.eclipse.help,3.5.100.v20110426,"org.eclipse.help",1739782445038
started,bundle,org.eclipse.jface,3.7.0.v20110928-1505,"org.eclipse.jface",1739782445038
started,bundle,org.eclipse.jgit,1.3.0.201202151440-r,"org.eclipse.jgit",1739782445038
started,bundle,org.eclipse.jsch.core,1.1.300.I20110514-0800,"org.eclipse.jsch.core",1739782445038
started,bundle,org.eclipse.linuxtools.cdt.autotools.core,1.0.2.201202152032,"org.eclipse.linuxtools.cdt.autotools.core",1739782445038
started,bundle,org.eclipse.ltk.core.refactoring,3.5.201.r372_v20111101-0700,"org.eclipse.ltk.core.refactoring",1739782445038
started,bundle,org.eclipse.ltk.ui.refactoring,3.6.0.v20110928-1453,"org.eclipse.ltk.ui.refactoring",1739782445038
started,bundle,org.eclipse.mylyn.bugzilla.core,3.6.5.v20120123-0100,"org.eclipse.mylyn.bugzilla.core",1739782445038
started,bundle,org.eclipse.mylyn.bugzilla.ui,3.6.0.v20110608-1400,"org.eclipse.mylyn.bugzilla.ui",1739782445038
started,bundle,org.eclipse.mylyn.commons.identity,0.8.0.v20110608-1400,"org.eclipse.mylyn.commons.identity",1739782445038
started,bundle,org.eclipse.mylyn.commons.net,3.6.0.v20110608-1400,"org.eclipse.mylyn.commons.net",1739782445038
started,bundle,org.eclipse.mylyn.commons.ui,3.6.1.v20110720-0100,"org.eclipse.mylyn.commons.ui",1739782445038
started,bundle,org.eclipse.mylyn.context.core,3.6.1.v20110720-0100,"org.eclipse.mylyn.context.core",1739782445038
started,bundle,org.eclipse.mylyn.context.ui,3.6.1.v20120112-0100,"org.eclipse.mylyn.context.ui",1739782445038
started,bundle,org.eclipse.mylyn.monitor.ui,3.6.0.v20110608-1400,"org.eclipse.mylyn.monitor.ui",1739782445038
started,bundle,org.eclipse.mylyn.tasks.ui,3.6.5.v20120215-0100,"org.eclipse.mylyn.tasks.ui",1739782445038
started,bundle,org.eclipse.mylyn.team.ui,3.6.1.v20110825-0100,"org.eclipse.mylyn.team.ui",1739782445038
started,bundle,org.eclipse.search,3.7.0.v20110928-1504,"org.eclipse.search",1739782445038
started,bundle,org.eclipse.team.core,3.6.0.I20110525-0800,"org.eclipse.team.core",1739782445038
started,bundle,org.eclipse.team.cvs.core,3.3.400.I20110510-0800,"org.eclipse.team.cvs.core",1739782445038
started,bundle,org.eclipse.team.cvs.ui,3.3.401.v20120126-1227,"org.eclipse.team.cvs.ui",1739782445038
started,bundle,org.eclipse.team.ui,3.6.101.R37x_v20111109-0800,"org.eclipse.team.ui",1739782445038
started,bundle,org.eclipse.ui,3.7.0.v20110928-1505,"org.eclipse.ui",1739782445038
started,bundle,org.eclipse.ui.console,3.5.100.v20111007_r372,"org.eclipse.ui.console",1739782445038
started,bundle,org.eclipse.ui.editors,3.7.0.v20110928-1504,"org.eclipse.ui.editors",1739782445038
started,bundle,org.eclipse.ui.forms,3.5.101.v20111011-1919,"org.eclipse.ui.forms",1739782445038
started,bundle,org.eclipse.ui.ide,3.7.0.v20110928-1505,"org.eclipse.ui.ide",1739782445038
started,bundle,org.eclipse.ui.navigator,3.5.101.v20120106-1355,"org.eclipse.ui.navigator",1739782445038
started,bundle,org.eclipse.ui.navigator.resources,3.4.300.v20110928-1505,"org.eclipse.ui.navigator.resources",1739782445038
started,bundle,org.eclipse.ui.net,1.2.100.v20111208-1155,"org.eclipse.ui.net",1739782445038
started,bundle,org.eclipse.ui.views,3.6.0.v20110928-1505,"org.eclipse.ui.views",1739782445038
started,bundle,org.eclipse.ui.workbench,3.7.1.v20120104-1859,"org.eclipse.ui.workbench",1739782445038
started,bundle,org.eclipse.ui.workbench.texteditor,3.7.0.v20110928-1504,"org.eclipse.ui.workbench.texteditor",1739782445038
started,bundle,org.eclipse.update.configurator,3.3.100.v20100512,"org.eclipse.update.configurator",1739782445038
started,bundle,org.eclipse.update.core,3.2.500.v20110330,"org.eclipse.update.core",1739782445038
started,bundle,org.eclipse.update.scheduler,3.2.300.v20100512,"org.eclipse.update.scheduler",1739782445038
started,bundle,com.altera.sbtgui.core,13.13.0.132,"com.altera.sbtgui.core",1739782445038
started,bundle,com.altera.sbtgui.integration,13.13.0.132,"com.altera.sbtgui.integration",1739782445038
started,bundle,com.altera.sbtgui.launch,13.13.0.132,"com.altera.sbtgui.launch",1739782445038
started,bundle,com.altera.sbtgui.project,13.13.0.132,"com.altera.sbtgui.project",1739782445038
started,bundle,com.altera.systemconsole,13.13.0.132,"com.altera.systemconsole",1739782445038
started,bundle,com.altera.systemconsole.designs.plugin,13.13.0.132,"com.altera.systemconsole.designs.plugin",1739782445038
started,bundle,com.altera.utilities,13.13.0.132,"com.altera.utilities",1739782445038
os,sysinfo,,,"win32",1739782445038
arch,sysinfo,,,"x86",1739782445038
ws,sysinfo,,,"win32",1739782445038
locale,sysinfo,,,"fr_FR",1739782445038
processors,sysinfo,,,"20",1739782445038
java.runtime.name,sysinfo,,,"Java(TM) SE Runtime Environment",1739782445038
java.runtime.version,sysinfo,,,"1.6.0_23-b05",1739782445038
java.specification.name,sysinfo,,,"Java Platform API Specification",1739782445038
java.specification.vendor,sysinfo,,,"Sun Microsystems Inc.",1739782445038
java.specification.version,sysinfo,,,"1.6",1739782445038
java.vendor,sysinfo,,,"Sun Microsystems Inc.",1739782445038
java.version,sysinfo,,,"1.6.0_23",1739782445038
java.vm.info,sysinfo,,,"mixed mode",1739782445038
java.vm.name,sysinfo,,,"Java HotSpot(TM) Client VM",1739782445038
java.vm.specification.name,sysinfo,,,"Java Virtual Machine Specification",1739782445038
java.vm.specification.vendor,sysinfo,,,"Sun Microsystems Inc.",1739782445038
java.vm.specification.version,sysinfo,,,"1.0",1739782445038
java.vm.vendor,sysinfo,,,"Sun Microsystems Inc.",1739782445038
java.vm.version,sysinfo,,,"19.0-b09",1739782445038
started,bundle,org.eclipse.cdt.codan.ui,2.0.1.201202111925,"org.eclipse.cdt.codan.ui",1739782445176
started,bundle,org.eclipse.epp.usagedata.ui,1.3.1.R201106061540,"org.eclipse.epp.usagedata.ui",1739782446094
deactivated,workbench,org.eclipse.ui.workbench,3.7.1.v20120104-1859,"",1739782446411
activated,workbench,org.eclipse.ui.workbench,3.7.1.v20120104-1859,"",1739782449686
deactivated,workbench,org.eclipse.ui.workbench,3.7.1.v20120104-1859,"",1739782574242
activated,workbench,org.eclipse.ui.workbench,3.7.1.v20120104-1859,"",1739782638055
started,bundle,com.altera.sbtgui.ui,13.13.0.132,"com.altera.sbtgui.ui",1739782649114
opened,view,org.eclipse.ui.console,3.5.100.v20111007_r372,"org.eclipse.ui.console.ConsoleView",1739782649553
started,bundle,org.eclipse.debug.ui,3.7.102.v20111129-1423_r372,"org.eclipse.debug.ui",1739782649600
started,bundle,org.eclipse.cdt.dsf,2.2.0.201202111925,"org.eclipse.cdt.dsf",1739782649600
started,bundle,org.eclipse.cdt.dsf.gdb,4.0.2.201202111925,"org.eclipse.cdt.dsf.gdb",1739782649600
started,bundle,org.eclipse.cdt.dsf.gdb.ui,2.2.1.201202111925,"org.eclipse.cdt.dsf.gdb.ui",1739782649600
deactivated,workbench,org.eclipse.ui.workbench,3.7.1.v20120104-1859,"",1739782650756
activated,workbench,org.eclipse.ui.workbench,3.7.1.v20120104-1859,"",1739782705717
activated,view,org.eclipse.ui.navigator.resources,3.4.300.v20110928-1505,"org.eclipse.ui.navigator.ProjectExplorer",1739782706989
started,bundle,org.eclipse.compare,3.5.202.R37x_v20111109-0800,"org.eclipse.compare",1739782707459
deactivated,workbench,org.eclipse.ui.workbench,3.7.1.v20120104-1859,"",1739782711068
activated,workbench,org.eclipse.ui.workbench,3.7.1.v20120104-1859,"",1739782728896
deactivated,workbench,org.eclipse.ui.workbench,3.7.1.v20120104-1859,"",1739782731286
activated,workbench,org.eclipse.ui.workbench,3.7.1.v20120104-1859,"",1739782748207
deactivated,workbench,org.eclipse.ui.workbench,3.7.1.v20120104-1859,"",1739782936208
activated,workbench,org.eclipse.ui.workbench,3.7.1.v20120104-1859,"",1739782957690
deactivated,workbench,org.eclipse.ui.workbench,3.7.1.v20120104-1859,"",1739782958476
activated,workbench,org.eclipse.ui.workbench,3.7.1.v20120104-1859,"",1739782959416
started,bundle,org.eclipse.cdt.mylyn.ui,3.6.0.v20110608-1400,"org.eclipse.cdt.mylyn.ui",1739782959479
closed,workbench,org.eclipse.ui.workbench,3.7.1.v20120104-1859,"",1739782959494
stopped,bundle,org.eclipse.cdt.build.crossgcc,1.0.2.201202111925,"org.eclipse.cdt.build.crossgcc",1739782959656
stopped,bundle,org.eclipse.cdt.codan.checkers.ui,1.0.0.201202111925,"org.eclipse.cdt.codan.checkers.ui",1739782959656
stopped,bundle,com.altera.debug.cdi.gdb.plugin,13.13.0.132,"com.altera.debug.cdi.gdb.plugin",1739782959656
stopped,bundle,com.altera.sbtgui.launch,13.13.0.132,"com.altera.sbtgui.launch",1739782959657
stopped,bundle,com.altera.sbtgui.ui,13.13.0.132,"com.altera.sbtgui.ui",1739782959657
stopped,bundle,com.altera.sbtgui.project,13.13.0.132,"com.altera.sbtgui.project",1739782959658
stopped,bundle,org.eclipse.cdt.codan.checkers,1.0.1.201202111925,"org.eclipse.cdt.codan.checkers",1739782959658
stopped,bundle,org.eclipse.cdt.codan.ui.cxx,2.0.0.201202111925,"org.eclipse.cdt.codan.ui.cxx",1739782959658
stopped,bundle,org.eclipse.cdt.codan.core.cxx,1.0.0.201202111925,"org.eclipse.cdt.codan.core.cxx",1739782959658
stopped,bundle,org.eclipse.cdt.launch.remote,2.3.0.201202111925,"org.eclipse.cdt.launch.remote",1739782959658
stopped,bundle,org.eclipse.cdt.debug.mi.ui,6.1.1.201202111925,"org.eclipse.cdt.debug.mi.ui",1739782959658
stopped,bundle,org.eclipse.cdt.debug.mi.core,7.1.1.201202111925,"org.eclipse.cdt.debug.mi.core",1739782959658
stopped,bundle,org.eclipse.cdt.debug.ui.memory.memorybrowser,1.2.100.201202111925,"org.eclipse.cdt.debug.ui.memory.memorybrowser",1739782959658
stopped,bundle,org.eclipse.cdt.debug.ui.memory.search,1.2.1.201202111925,"org.eclipse.cdt.debug.ui.memory.search",1739782959658
stopped,bundle,org.eclipse.cdt.dsf.gdb.ui,2.2.1.201202111925,"org.eclipse.cdt.dsf.gdb.ui",1739782959658
stopped,bundle,org.eclipse.cdt.dsf.ui,2.2.1.201202111925,"org.eclipse.cdt.dsf.ui",1739782959658
stopped,bundle,org.eclipse.cdt.gdb.ui,7.0.0.201202111925,"org.eclipse.cdt.gdb.ui",1739782959658
stopped,bundle,org.eclipse.cdt.dsf.gdb,4.0.2.201202111925,"org.eclipse.cdt.dsf.gdb",1739782959658
stopped,bundle,org.eclipse.cdt.launch,7.0.0.201202111925,"org.eclipse.cdt.launch",1739782959658
stopped,bundle,org.eclipse.cdt.debug.ui,7.1.2.201202111925,"org.eclipse.cdt.debug.ui",1739782959658
stopped,bundle,org.eclipse.cdt.debug.ui.memory.traditional,1.2.1.201202111925,"org.eclipse.cdt.debug.ui.memory.traditional",1739782959658
stopped,bundle,org.eclipse.cdt.dsf,2.2.0.201202111925,"org.eclipse.cdt.dsf",1739782959658
stopped,bundle,org.eclipse.cdt.debug.core,7.1.0.201202111925,"org.eclipse.cdt.debug.core",1739782959658
stopped,bundle,org.eclipse.linuxtools.cdt.autotools.ui,1.0.1.201202152032,"org.eclipse.linuxtools.cdt.autotools.ui",1739782959658
stopped,bundle,org.eclipse.linuxtools.cdt.autotools.core,1.0.2.201202152032,"org.eclipse.linuxtools.cdt.autotools.core",1739782959658
stopped,bundle,org.eclipse.cdt.managedbuilder.ui,8.0.2.201202111925,"org.eclipse.cdt.managedbuilder.ui",1739782959658
stopped,bundle,org.eclipse.cdt.make.ui,7.1.2.201202111925,"org.eclipse.cdt.make.ui",1739782959658
stopped,bundle,org.eclipse.cdt.managedbuilder.gnu.ui,8.0.2.201202111925,"org.eclipse.cdt.managedbuilder.gnu.ui",1739782959658
stopped,bundle,org.eclipse.cdt.msw.build,1.0.0.201202111925,"org.eclipse.cdt.msw.build",1739782959658
stopped,bundle,org.eclipse.cdt.managedbuilder.core,8.0.2.201202111925,"org.eclipse.cdt.managedbuilder.core",1739782959658
stopped,bundle,org.eclipse.cdt.make.core,7.1.2.201202111925,"org.eclipse.cdt.make.core",1739782959658
stopped,bundle,org.eclipse.cdt.mylyn.ui,3.6.0.v20110608-1400,"org.eclipse.cdt.mylyn.ui",1739782959658
stopped,bundle,org.eclipse.cdt.codan.ui,2.0.1.201202111925,"org.eclipse.cdt.codan.ui",1739782959658
stopped,bundle,com.altera.sbtgui.flash.plugin,13.13.0.132,"com.altera.sbtgui.flash.plugin",1739782959658
stopped,bundle,com.altera.sbtgui.gprof,13.13.0.132,"com.altera.sbtgui.gprof",1739782959658
stopped,bundle,com.altera.sbtgui.core,13.13.0.132,"com.altera.sbtgui.core",1739782959658
stopped,bundle,org.eclipse.cdt.ui,5.3.2.201202111925,"org.eclipse.cdt.ui",1739782959661
stopped,bundle,org.eclipse.cdt.core,5.3.2.201202111925,"org.eclipse.cdt.core",1739782959662
stopped,bundle,org.eclipse.compare.win32,1.0.200.I20110510-0800,"org.eclipse.compare.win32",1739782959662
stopped,bundle,org.eclipse.egit.ui,1.3.0.201202151440-r,"org.eclipse.egit.ui",1739782959663
stopped,bundle,org.eclipse.egit.core,1.3.0.201202151440-r,"org.eclipse.egit.core",1739782959663
stopped,bundle,org.eclipse.equinox.p2.ui.sdk,1.0.200.v20110815-1419,"org.eclipse.equinox.p2.ui.sdk",1739782959663
stopped,bundle,org.eclipse.rse.importexport,1.2.200.v201105021534,"org.eclipse.rse.importexport",1739782959663
stopped,bundle,org.eclipse.rse.subsystems.shells.telnet,1.2.200.v201101042155,"org.eclipse.rse.subsystems.shells.telnet",1739782959663
stopped,bundle,org.eclipse.rse.shells.ui,3.0.301.R33x_v201107181530,"org.eclipse.rse.shells.ui",1739782959663
stopped,bundle,org.eclipse.rse.files.ui,3.2.1.R33x_v201109141647,"org.eclipse.rse.files.ui",1739782959663
stopped,bundle,org.eclipse.rse.processes.ui,3.0.300.v201101042155,"org.eclipse.rse.processes.ui",1739782959663
stopped,bundle,org.eclipse.search,3.7.0.v20110928-1504,"org.eclipse.search",1739782959666
stopped,bundle,org.eclipse.mylyn.commons.team,0.8.0.v20110608-1400,"org.eclipse.mylyn.commons.team",1739782959666
stopped,bundle,org.eclipse.mylyn.team.ui,3.6.1.v20110825-0100,"org.eclipse.mylyn.team.ui",1739782959666
stopped,bundle,org.eclipse.ui.navigator.resources,3.4.300.v20110928-1505,"org.eclipse.ui.navigator.resources",1739782959666
stopped,bundle,org.eclipse.ltk.ui.refactoring,3.6.0.v20110928-1453,"org.eclipse.ltk.ui.refactoring",1739782959666
stopped,bundle,org.eclipse.mylyn.bugzilla.ui,3.6.0.v20110608-1400,"org.eclipse.mylyn.bugzilla.ui",1739782959666
stopped,bundle,org.eclipse.mylyn.ide.ui,3.6.0.v20110608-1400,"org.eclipse.mylyn.ide.ui",1739782959666
stopped,bundle,org.eclipse.mylyn.resources.ui,3.6.0.v20110608-1400,"org.eclipse.mylyn.resources.ui",1739782959666
stopped,bundle,org.eclipse.mylyn.wikitext.tasks.ui,1.5.0.v20110608-1400,"org.eclipse.mylyn.wikitext.tasks.ui",1739782959666
stopped,bundle,org.eclipse.mylyn.context.ui,3.6.1.v20120112-0100,"org.eclipse.mylyn.context.ui",1739782959666
stopped,bundle,org.eclipse.mylyn.help.ui,3.6.1.v20110830-0100,"org.eclipse.mylyn.help.ui",1739782959666
stopped,bundle,org.eclipse.mylyn.tasks.bugs,3.6.1.v20110825-0100,"org.eclipse.mylyn.tasks.bugs",1739782959666
stopped,bundle,org.eclipse.mylyn.tasks.ui,3.6.5.v20120215-0100,"org.eclipse.mylyn.tasks.ui",1739782959666
stopped,bundle,org.eclipse.team.cvs.ui,3.3.401.v20120126-1227,"org.eclipse.team.cvs.ui",1739782959667
stopped,bundle,org.eclipse.team.ui,3.6.101.R37x_v20111109-0800,"org.eclipse.team.ui",1739782959667
stopped,bundle,org.eclipse.compare,3.5.202.R37x_v20111109-0800,"org.eclipse.compare",1739782959667
stopped,bundle,org.eclipse.cdt.debug.ui.memory.transport,2.1.0.201202111925,"org.eclipse.cdt.debug.ui.memory.transport",1739782959667
stopped,bundle,org.eclipse.ui.externaltools,3.2.0.v20111007_r372,"org.eclipse.ui.externaltools",1739782959667
stopped,bundle,org.eclipse.debug.ui,3.7.102.v20111129-1423_r372,"org.eclipse.debug.ui",1739782959669
stopped,bundle,org.eclipse.mylyn.wikitext.ui,1.5.0.v20110608-1400,"org.eclipse.mylyn.wikitext.ui",1739782959669
stopped,bundle,org.eclipse.rse.subsystems.files.dstore,2.1.201.R33x_v201109141647,"org.eclipse.rse.subsystems.files.dstore",1739782959669
stopped,bundle,org.eclipse.rse.subsystems.processes.dstore,2.1.300.v201101042155,"org.eclipse.rse.subsystems.processes.dstore",1739782959669
stopped,bundle,org.eclipse.rse.subsystems.shells.dstore,2.1.300.v201101042155,"org.eclipse.rse.subsystems.shells.dstore",1739782959669
stopped,bundle,org.eclipse.rse.connectorservice.dstore,3.1.200.v201103141607,"org.eclipse.rse.connectorservice.dstore",1739782959669
activated,perspective,com.altera.sbtgui.ui,,"com.altera.sbtgui.ui.cPerspective",1739782992976
started,bundle,org.eclipse.osgi,3.7.2.v20120110-1415,"org.eclipse.osgi",1739782992976
started,bundle,org.eclipse.equinox.simpleconfigurator,1.0.200.v20110815-1438,"org.eclipse.equinox.simpleconfigurator",1739782992976
started,bundle,com.ibm.icu,4.4.2.v20110823,"com.ibm.icu",1739782992976
started,bundle,org.eclipse.cdt.codan.checkers,1.0.1.201202111925,"org.eclipse.cdt.codan.checkers",1739782992976
started,bundle,org.eclipse.cdt.codan.core,2.0.0.201202111925,"org.eclipse.cdt.codan.core",1739782992976
started,bundle,org.eclipse.cdt.codan.core.cxx,1.0.0.201202111925,"org.eclipse.cdt.codan.core.cxx",1739782992976
started,bundle,org.eclipse.cdt.codan.ui.cxx,2.0.0.201202111925,"org.eclipse.cdt.codan.ui.cxx",1739782992976
started,bundle,org.eclipse.cdt.core,5.3.2.201202111925,"org.eclipse.cdt.core",1739782992976
started,bundle,org.eclipse.cdt.make.core,7.1.2.201202111925,"org.eclipse.cdt.make.core",1739782992976
started,bundle,org.eclipse.cdt.make.ui,7.1.2.201202111925,"org.eclipse.cdt.make.ui",1739782992976
started,bundle,org.eclipse.cdt.managedbuilder.core,8.0.2.201202111925,"org.eclipse.cdt.managedbuilder.core",1739782992976
started,bundle,org.eclipse.cdt.managedbuilder.gnu.ui,8.0.2.201202111925,"org.eclipse.cdt.managedbuilder.gnu.ui",1739782992976
started,bundle,org.eclipse.cdt.msw.build,1.0.0.201202111925,"org.eclipse.cdt.msw.build",1739782992976
started,bundle,org.eclipse.cdt.ui,5.3.2.201202111925,"org.eclipse.cdt.ui",1739782992976
started,bundle,org.eclipse.compare.core,3.5.200.I20110208-0800,"org.eclipse.compare.core",1739782992976
started,bundle,org.eclipse.core.contenttype,3.4.100.v20110423-0524,"org.eclipse.core.contenttype",1739782992976
started,bundle,org.eclipse.core.databinding.observable,1.4.0.I20110222-0800,"org.eclipse.core.databinding.observable",1739782992976
started,bundle,org.eclipse.core.expressions,3.4.300.v20110228,"org.eclipse.core.expressions",1739782992976
started,bundle,org.eclipse.core.filebuffers,3.5.200.v20110928-1504,"org.eclipse.core.filebuffers",1739782992976
started,bundle,org.eclipse.core.filesystem,1.3.100.v20110423-0524,"org.eclipse.core.filesystem",1739782992976
started,bundle,org.eclipse.core.jobs,3.5.101.v20120113-1953,"org.eclipse.core.jobs",1739782992976
started,bundle,org.eclipse.core.net,1.2.100.I20110511-0800,"org.eclipse.core.net",1739782992976
started,bundle,org.eclipse.core.resources,3.7.101.v20120125-1505,"org.eclipse.core.resources",1739782992976
started,bundle,org.eclipse.core.runtime,3.7.0.v20110110,"org.eclipse.core.runtime",1739782992976
